reference,fabricant,puissance_w,largeur_m,hauteur_m,uoc_v,isc_a,umpp_v,impp_a,coef_tension_pct_c
PV-MONO-430,Exemple,430,1.134,1.722,39.8,13.7,33.1,13.0,-0.28
PV-MONO-455,Exemple,455,1.134,1.762,41.2,14.0,34.5,13.2,-0.28
PV-HET-410,Exemple,410,1.040,1.755,50.0,10.5,42.0,9.76,-0.24
PV-BIFACIAL-500,Exemple,500,1.134,1.950,45.6,13.9,38.2,13.1,-0.29
TSM-450NEG9R.25,Trina Solar,450,1.134,1.762,52.9,10.74,44.6,10.09,-0.24
JKM580N-72HL4-BDV,Jinko Solar,580,1.134,2.278,51.47,14.37,42.59,13.62,-0.25
LR7-60HVH-560M,LONGi,560,1.134,1.990,45.28,15.65,37.51,14.93,-0.20
JKM435N-54HL4R-B,jinko,435,1.134,1.762,39.36,13.72,32.78,13.27,-0.25
JKM435N-54HL4R-B,jinko,435,1.134,1.762,39.36,13.72,32.78,13.27,-0.25
